Symbol,Company Name,Last Close Price,Market Cap,Weight (%),Rank,MarketCap,Weight
AAPL,Apple Inc.,192.4199981689453,2975178948608.0,6.642755327568165,1,3564744474624.0,0.0675628814860836
NVDA,Nvidia,610.3099975585938,1507465756672.0,3.36575592904912,2,2942473601024.0,0.05576893283574926
MSFT,Microsoft,403.9299926757813,3009100644352.0,6.718493133265207,3,2918060130304.0,0.05530622241129638
AMZN,Amazon,159.1199951171875,1644346081280.0,3.6713720016401377,4,2212163747840.0,0.04192731293563169
GOOGL,Alphabet Inc. (Class A),152.18499755859375,1914015449088.0,4.273469442040034,5,2064579952640.0,0.03913014569535825
GOOG,Alphabet Inc. (Class C),153.7899932861328,1913839550464.0,4.273076708849234,6,2062009106432.0,0.03908142024563625
META,Meta Platforms,394.1400146484375,1012884701184.0,2.2614926232085306,7,1667756326912.0,0.031609116407903703
AVGO,Broadcom Inc.,1204.8800048828125,564053737472.0,1.259376674260187,8,927159812096.0,0.01757253260345087
TSLA,"Tesla, Inc.",183.25,582537052160.0,1.300644826272447,9,906897850368.0,0.01718850605438137
LLY,Eli Lilly and Company,639.25,606844485632.0,1.3549166317620571,10,812987514880.0,0.015408616103766232
WMT,Walmart,164.27000427246094,442252623872.0,0.9874283275401732,11,777551806464.0,0.014737000344171528
JPM,JPMorgan Chase,172.27999877929688,495597846528.0,1.106533520242699,12,724332314624.0,0.013728327143180095
V,Visa Inc.,267.94000244140625,542508843008.0,1.2112728576646876,13,686226014208.0,0.013006095444048038
MA,Mastercard,438.5299987792969,411242921984.0,0.9181922022579644,14,514950922240.0,0.009759905198848872
XOM,ExxonMobil,103.0,411667300352.0,0.9191397222941142,15,477956276224.0,0.009058742772708284
ORCL,Oracle Corporation,114.63999938964844,316125544448.0,0.7058212903613216,16,460827099136.0,0.008734092136515699
COST,Costco,686.8800048828125,304787881984.0,0.6805074120918674,17,453536055296.0,0.008595904411033995
UNH,UnitedHealth Group,503.2000122070313,465422254080.0,1.0391597316541965,18,431208267776.0,0.00817272410377808
NFLX,Netflix,570.4199829101562,249661423616.0,0.5574252105371249,19,411959918592.0,0.007807908632717277
PG,Procter & Gamble,156.13999938964844,367400517632.0,0.820304186070264,20,403243859968.0,0.007642712490320231
JNJ,Johnson & Johnson,159.5,383961169920.0,0.8572795623801784,21,394199629824.0,0.007471296487377582
HD,Home Depot (The),355.29998779296875,353616592896.0,0.7895284777661626,22,387679780864.0,0.0073477252789144265
ABBV,AbbVie,164.39999389648438,290254749696.0,0.6480589296308265,23,361932062720.0,0.006859726758436001
BAC,Bank of America,33.43000030517578,263945224192.0,0.5893170039428758,24,335518466048.0,0.00635910779001477
KO,Coca-Cola Company (The),59.369998931884766,256680837120.0,0.5730976279800878,25,304811900928.0,0.0057771238540508625
TMUS,T-Mobile US,162.16000366210938,193912569856.0,0.4329533714588996,26,301613481984.0,0.005716503969064825
CRM,Salesforce,279.94000244140625,270981922816.0,0.6050280142990553,27,282219282432.0,0.005348924184545364
CVX,Chevron Corporation,149.13999938964844,281539051520.0,0.6285991756152947,28,275833192448.0,0.005227888120440386
CSCO,Cisco,52.13999938964844,211869843456.0,0.4730470185757595,29,253854679040.0,0.004811327632810587
WFC,Wells Fargo,50.31999969482422,181094629376.0,0.4043344399987233,30,251941126144.0,0.004775059914759509
PM,Philip Morris International,90.8499984741211,141036437504.0,0.3148955282334412,31,239479554048.0,0.004538874761897707
ABT,Abbott,112.01000213623048,194456092672.0,0.4341669082390412,32,235642044416.0,0.004466142141000422
IBM,IBM,187.4199981689453,171136761856.0,0.3821012638898891,33,234811064320.0,0.004450392510096158
MRK,Merck & Co.,120.81999969482422,306160304128.0,0.6835716528203096,34,228808720384.0,0.0043366296149227376
ACN,Accenture,371.0700073242188,232657928192.0,0.5194610874486959,35,223215042560.0,0.004230612200607478
MCD,McDonald's,292.260009765625,215578869760.0,0.4813282529709255,36,221447192576.0,0.004197106001269931
LIN,Linde plc,404.0400085449219,195914956800.0,0.4374241501145271,37,217671942144.0,0.004125553383871063
GE,General Electric,131.19000244140625,142785888256.0,0.3188015700224917,38,216192794624.0,0.004097518984966571
PEP,PepsiCo,167.86000061035156,230784008192.0,0.5152771401035251,39,208495443968.0,0.003951630494548752
MS,Morgan Stanley,87.7300033569336,143992127488.0,0.3214947700696481,40,208446046208.0,0.003950694254930929
AXP,American Express,201.42999267578125,145633886208.0,0.3251603652060226,41,206684913664.0,0.003917315371760317
DIS,Walt Disney,95.36000061035156,174917894144.0,0.3905434910917532,42,201225093120.0,0.0038138349649666538
ISRG,Intuitive Surgical,374.760009765625,131942506496.0,0.2945912844567122,43,201072525312.0,0.00381094333534106
TMO,Thermo Fisher Scientific,547.3300170898438,211472990208.0,0.4721609545530733,44,197394268160.0,0.00374122903918183
T,AT&T,17.290000915527344,123623849984.0,0.2760180151449111,45,193093042176.0,0.0036597075659119942
BX,Blackstone,124.56999969482422,151687643136.0,0.3386767374242684,46,192199950336.0,0.003642780726254441
ADBE,Adobe Inc.,613.9299926757812,277496365056.0,0.6195729699616858,47,190308810752.0,0.003606937809462794
NOW,ServiceNow,769.4400024414062,157735206912.0,0.3521792820394848,48,190166286336.0,0.0036042365330331283
GS,Goldman Sachs,377.7900085449219,123201855488.0,0.2750758176384988,49,189719724032.0,0.0035957728026771154
VZ,Verizon,42.400001525878906,178253856768.0,0.3979917770187265,50,182153723904.0,0.00345237380911372
TXN,Texas Instruments,164.08999633789062,149157806080.0,0.3330283079106467,51,174146699264.0,0.003300616043400223
RTX,RTX Corporation,90.41000366210938,130000543744.0,0.2902554163830212,52,173868318720.0,0.003295339875126118
QCOM,Qualcomm,150.72000122070312,168331640832.0,0.3758382010797117,53,170810638336.0,0.0032373874191009757
INTU,Intuit,641.3599853515625,179539755008.0,0.4008628336953231,54,167854604288.0,0.003181361474050618
AMGN,Amgen,311.7699890136719,166852427776.0,0.3725355256514153,55,164288036864.0,0.0031137640420621005
PGR,Progressive Corporation,179.4199981689453,105014517760.0,0.2344685006757734,56,163414966272.0,0.0030972166666874594
CAT,Caterpillar Inc.,299.42999267578125,152435310592.0,0.3403460729709309,57,162496872448.0,0.0030798159624671213
SPGI,S&P Global,446.6000061035156,141482885120.0,0.3158923228232428,58,161705803776.0,0.0030648227759107896
BKNG,Booking Holdings,3519.60009765625,122798497792.0,0.2741752309745359,59,161389412352.0,0.0030588261844481774
AMD,Advanced Micro Devices,177.25,286347395072.0,0.6393348827100798,60,161253965824.0,0.0030562590557846477
UBER,Uber,65.5199966430664,134830981120.0,0.3010404529028988,61,155025440768.0,0.0029382093321123734
BSX,Boston Scientific,61.130001068115234,89554223104.0,0.1999499199564632,62,148758626304.0,0.0028194339062885725
C,Citigroup,53.66999816894531,102139371520.0,0.228049090840868,63,148628946944.0,0.002816976083212265
SYK,Stryker Corporation,311.3599853515625,118297485312.0,0.2641257095348391,64,148396081152.0,0.0028125625596009496
UNP,Union Pacific Corporation,240.38999938964844,146541264896.0,0.327186291954615,65,148092370944.0,0.0028068063162193305
PFE,Pfizer,27.46999931335449,155106885632.0,0.3463109643729292,66,147908444160.0,0.002803320337463218
DHR,Danaher Corporation,233.0,172169986048.0,0.3844081689952749,67,147023003648.0,0.002786538514025076
BLK,BlackRock,787.2999877929688,116914044928.0,0.2610368681105313,68,146696994816.0,0.0027803596430746817
NEE,NextEra Energy,58.47999954223633,119983996928.0,0.2678912255645325,69,142716731392.0,0.002704921398366421
SCHW,Charles Schwab Corporation,64.04000091552734,116718026752.0,0.2605992135003663,70,142184185856.0,0.002694828021073647
GILD,Gilead Sciences,79.5199966430664,99085099008.0,0.2212297413659648,71,139569774592.0,0.0026452768794299965
TJX,TJX Companies,96.37999725341795,109842358272.0,0.2452477391134284,72,138822516736.0,0.002631114042703867
HON,Honeywell,201.8000030517578,133036859392.0,0.2970346731253315,73,137958309888.0,0.002614734662564132
LOW,Lowe's,211.97999572753903,121912459264.0,0.272196950926858,74,137479995392.0,0.0026056691304239266
CMCSA,Comcast,46.2599983215332,186200195072.0,0.415733762296033,75,133810290688.0,0.002536116929482111
DE,John Deere,393.6199951171875,110209671168.0,0.2460678476645225,76,130878275584.0,0.0024805462173603525
BA,Boeing,205.47000122070312,124304629760.0,0.2775380089207612,77,130385362944.0,0.002471204005452492
SBUX,Starbucks,92.8000030517578,105070018560.0,0.2345924186791112,78,130052620288.0,0.002464897507807927
FI,Fiserv,141.33999633789062,84830281728.0,0.1894026596791526,79,129983315968.0,0.002463583977597847
AMAT,Applied Materials,166.89999389648438,138871144448.0,0.3100610250886069,80,127260762112.0,0.0024119832009301704
ADP,Automated Data Processing,236.1000061035156,97109114880.0,0.2168179129280137,81,126658936832.0,0.002400576759218171
PANW,Palo Alto Networks,342.44000244140625,107971330048.0,0.2410702483077673,82,124143747072.0,0.0023529061705183135
COP,ConocoPhillips,112.2300033569336,133263032320.0,0.2975396549931034,83,123891646464.0,0.002348128087931435
VRTX,Vertex Pharmaceuticals,430.1700134277344,110847500288.0,0.2474919444526973,84,121846857728.0,0.002309373046716589
BMY,Bristol Myers Squibb,49.70000076293945,101127569408.0,0.2257900153411985,85,119323426816.0,0.0022615462628168092
NKE,"Nike, Inc.",102.75,155678572544.0,0.3475873838239897,86,118359973888.0,0.002243285863942427
MDT,Medtronic,86.54000091552734,115067920384.0,0.2569149803646705,87,116377681920.0,0.002205715328870926
ANET,Arista Networks,264.3999938964844,82254839808.0,0.1836524070622717,88,115480756224.0,0.00218871582584005
MMC,Marsh McLennan,192.9900054931641,94951079936.0,0.2119996151486343,89,115224248320.0,0.0021838542114265727
ETN,Eaton Corporation,245.88999938964844,98183880704.0,0.219217569058481,90,114758180864.0,0.002175020798395595
PLD,Prologis,126.87000274658205,120186871808.0,0.2683441893066228,91,113790599168.0,0.0021566821466576336
CB,Chubb Limited,241.2400054931641,98423513088.0,0.2197526021852173,92,112874307584.0,0.002139315600433302
ADI,Analog Devices,193.92999267578125,96164069376.0,0.2147078865514734,93,111024234496.0,0.002104251020159755
LMT,Lockheed Martin,429.9100036621094,103884742656.0,0.2319460239707802,94,105090433024.0,0.0019917872156799206
MU,Micron Technology,88.05000305175781,98468962304.0,0.2198540777693528,95,102303088640.0,0.0019389584590557992
UPS,United Parcel Service,159.3000030517578,135711817728.0,0.3030071184956514,96,100476256256.0,0.0019043343616671215
INTC,Intel,43.650001525878906,184552210432.0,0.4120542663947082,97,99979698176.0,0.0018949230574491563
ICE,Intercontinental Exchange,127.26000213623048,72839045120.0,0.1626295303185841,98,98158682112.0,0.0018604091972294098
LRCX,Lam Research,839.0399780273438,110147493888.0,0.2459290229198237,99,97776386048.0,0.0018531635099582758
WELL,Welltower,87.38999938964844,48367652864.0,0.1079916500130615,100,97170997248.0,0.0018416895285723544
SO,Southern Company,69.11000061035156,75372748800.0,0.168286592938859,101,96836476928.0,0.001835349338722637
AMT,American Tower,197.2899932861328,91969691648.0,0.205342996076048,102,95347204096.0,0.0018071230339860337
MO,Altria,40.20000076293945,71099727872.0,0.1587461138535379,103,93121003520.0,0.001764929679945867
KLAC,KLA Corporation,599.3699951171875,81473560576.0,0.181908025675359,104,92909273088.0,0.0017609167364695403
WM,Waste Management,185.80999755859372,74839621632.0,0.1670962667780879,105,92329623552.0,0.0017499305933720431
CME,CME Group,206.77999877929688,74439352320.0,0.1662025756251595,106,90036445184.0,0.001706467803989369
DUK,Duke Energy,95.87000274658205,73888161792.0,0.164971918955553,107,89930637312.0,0.0017044624190965332
SHW,Sherwin-Williams,301.8500061035156,77263339520.0,0.1725077614112316,108,89362415616.0,0.001693692868746443
ELV,Elevance Health,483.7999877929688,113673166848.0,0.25380087978721,109,89319776256.0,0.0016928847216136455
MCO,Moody's Corporation,389.2900085449219,71242801152.0,0.1590655570901866,110,88865284096.0,0.0016842706960752028
EQIX,Equinix,810.97998046875,76137553920.0,0.1699941921700946,111,88609103872.0,0.001679415292206454
AON,Aon,301.8999938964844,60445208576.0,0.1349575061634708,112,87264403456.0,0.0016539290798040691
ABNB,Airbnb,149.6199951171875,95895347200.0,0.2141079039295559,113,86645866496.0,0.001642205900310916
AJG,Arthur J. Gallagher & Co.,233.02999877929688,50494337024.0,0.1127399501247252,114,84858404864.0,0.001608327999871369
PH,Parker Hannifin,471.5899963378906,60587995136.0,0.1352763092333127,115,84341071872.0,0.0015985229471176161
CI,Cigna,297.82000732421875,87148093440.0,0.1945776949843035,116,82936168448.0,0.001571895702384986
MDLZ,Mondelez International,75.13999938964844,102258024448.0,0.2283140101560481,117,82760048640.0,0.0015685576898570302
FTNT,Fortinet,66.12000274658203,50774212608.0,0.1133648352354316,118,82349424640.0,0.0015607751009941164
CTAS,Cintas,597.8099975585938,60600598528.0,0.1353044491370965,119,82068742144.0,0.0015554553036432933
MMM,3M,95.98999786376952,53042249728.0,0.1184287375829026,120,81717305344.0,0.0015487944944219667
CVS,CVS Health,73.0,93943701504.0,0.2097504165082715,121,81296392192.0,0.001540816894454578
HCA,HCA Healthcare,283.42999267578125,75863154688.0,0.1693815342454002,122,79702884352.0,0.0015106150154398357
APH,Amphenol,100.70999908447266,60255801344.0,0.1345346119708252,123,79277293568.0,0.0015025487599464474
CEG,Constellation Energy,121.2699966430664,38731456512.0,0.0864766770449011,124,78130413568.0,0.0014808118533966637
MCK,McKesson,485.2699890136719,64570994688.0,0.1441692504482028,125,77808640000.0,0.0014747132537368856
ORLY,O'Reilly Auto Parts,1022.510009765625,60493942784.0,0.1350663162301656,126,77664509952.0,0.0014719815456380506
TT,Trane Technologies,251.50999450683597,57232859136.0,0.1277852144374372,127,77218906112.0,0.0014635359811253686
REGN,Regeneron,940.0499877929688,102415622144.0,0.228665882414087,128,76831424512.0,0.0014561920119839059
ITW,Illinois Tool Works,262.4100036621094,78955503616.0,0.1762858978722612,129,76647522304.0,0.001452706499018648
MAR,Marriott International,241.6000061035156,70955745280.0,0.1584246403735872,130,76425412608.0,0.0014484968365380462
TDG,TransDigm Group,1082.47998046875,60179607552.0,0.1343644922145085,131,75687288832.0,0.0014345071187462236
ECL,Ecolab,198.4900054931641,56597438464.0,0.1263664950504404,132,75611136000.0,0.001433063788151318
COF,Capital One,138.72000122070312,52769087488.0,0.117818841520718,133,75113988096.0,0.0014236413049528412
PNC,PNC Financial Services,151.60000610351562,60341198848.0,0.1347252810816437,134,74622623744.0,0.0014143284378688229
ZTS,Zoetis,191.5200042724609,87929511936.0,0.1963223873093795,135,73876725760.0,0.0014001913749033166
EOG,EOG Resources,115.54000091552734,67377152000.0,0.1504346270041252,136,73461596160.0,0.0013923233910503859
CL,Colgate-Palmolive,82.83000183105469,68199907328.0,0.1522716130922777,137,73200541696.0,0.0013873756053288005
RSG,Republic Services,171.2899932861328,53894168576.0,0.1203308377805581,138,72665595904.0,0.0013772367357958904
USB,U.S. Bank,42.63999938964844,66433118208.0,0.1483268595018893,139,72191713280.0,0.001368255201273138
MSI,Motorola Solutions,326.1000061035156,54535659520.0,0.1217631104133812,140,71707779072.0,0.0013590831582908384
CMG,Chipotle Mexican Grill,2326.25,63843233792.0,0.1425443607684202,141,71480639488.0,0.0013547781639486538
SNPS,Synopsys,528.1300048828125,80548274176.0,0.1798421159370549,142,70306807808.0,0.0013325304400949502
PYPL,PayPal,61.77999877929688,66607489024.0,0.1487161815181325,143,69969092608.0,0.00132612969743413
APD,Air Products and Chemicals,261.8999938964844,58201509888.0,0.1299479448326665,144,69503729664.0,0.0013173096370743189
SPG,Simon Property Group,141.9600067138672,53260554240.0,0.1189161514444448,145,68839604224.0,0.001304722415545812
WMB,Williams Companies,34.869998931884766,42419351552.0,0.0947107311463978,146,68601753600.0,0.0013002144140228141
CDNS,Cadence Design Systems,290.7300109863281,79096594432.0,0.1766009148127022,147,68132282368.0,0.0012913164889584692
GD,General Dynamics,265.07000732421875,72336809984.0,0.1615081775586377,148,68025720832.0,0.001289296819812758
EMR,Emerson Electric,95.05999755859376,54329065472.0,0.1213018427932813,149,67668004864.0,0.0012825170010280715
NOC,Northrop Grumman,437.9599914550781,65709764608.0,0.1467118101004529,150,66583416832.0,0.0012619607190311774
BDX,Becton Dickinson,236.6499938964844,68724342784.0,0.1534425330535592,151,64364183552.0,0.0012198994166983004
RCL,Royal Caribbean Group,123.45999908447266,31634774016.0,0.0706317392200957,152,64095760384.0,0.0012148119713521327
BK,Bank of New York Mellon,55.33000183105469,42014502912.0,0.0938068156150389,153,62359216128.0,0.001181899111931587
HLT,Hilton Worldwide,192.6300048828125,49398038528.0,0.110292217467059,154,62338682880.0,0.0011815099436725367
FDX,FedEx,251.5500030517578,62860582912.0,0.1403503719425334,155,62269620224.0,0.0011802009937391942
CSX,CSX,35.38999938964844,69935243264.0,0.156146140383948,156,61728718848.0,0.0011699492475558432
ROP,Roper Technologies,549.6799926757812,58717917184.0,0.1311009401233545,157,61477912576.0,0.001165195696620642
ADSK,Autodesk,253.07000732421875,54135472128.0,0.1208696021652547,158,60848963584.0,0.0011532751770687406
OKE,ONEOK,70.44000244140625,41034891264.0,0.0916196125573054,159,60336214016.0,0.0011435569943093779
TFC,Truist,37.84000015258789,50468724736.0,0.1126827649383878,160,59667546112.0,0.0011308836791045721
AFL,Aflac,85.30999755859375,49853460480.0,0.1113090492779169,161,58719952896.0,0.0011129238705950499
KMI,Kinder Morgan,17.440000534057617,38765109248.0,0.0865518143375523,162,58237566976.0,0.0011037811724365926
AZO,AutoZone,2780.239990234375,48075632640.0,0.1073396492654624,163,57809473536.0,0.0010956674839078403
TRV,Travelers Companies (The),211.42999267578125,48248324096.0,0.1077252217332651,164,57767772160.0,0.0010948771144593283
MET,MetLife,70.87999725341797,52464664576.0,0.1171391489860999,165,57257218048.0,0.0010852005423496467
TGT,Target Corporation,142.52999877929688,65800687616.0,0.1469148161401646,166,56130969600.0,0.0010638546672223318
AEP,American Electric Power,77.83999633789062,40934187008.0,0.0913947676842379,167,56072470528.0,0.0010627459297246746
SLB,Schlumberger,52.91999816894531,75516837888.0,0.1686083041950522,168,55631872000.0,0.0010543952312827205
JCI,Johnson Controls,56.59000015258789,38565916672.0,0.0861070721663108,169,55616712704.0,0.0010541079159572177
PCAR,Paccar,101.76000213623048,53251010560.0,0.1188948430350148,170,55366717440.0,0.0010493697361202196
CARR,Carrier Global,55.5099983215332,49858248704.0,0.1113197400635923,171,55364349952.0,0.0010493248649345562
NXPI,NXP Semiconductors,215.1199951171875,55449976832.0,0.1238045291987008,172,55002566656.0,0.0010424679577634268
NSC,Norfolk Southern Railway,234.25999450683597,53786562560.0,0.1200905831779242,173,54837784576.0,0.0010393448300830776
HWM,Howmet Aerospace,55.43000030517578,22822969344.0,0.0509574058635073,174,54038167552.0,0.0010241896259411412
DLR,Digital Realty,143.1999969482422,44296200192.0,0.0989012173382392,175,53908856832.0,0.001021738789727653
FCX,Freeport-McMoRan,39.59000015258789,56771268608.0,0.1267546098949905,176,53775155200.0,0.0010192047322148028
PSA,Public Storage,289.8800048828125,51112513536.0,0.1141201680509064,177,53624672256.0,0.001016352617180044
PAYX,Paychex,120.94000244140624,43516874752.0,0.0971611982308536,178,53562970112.0,0.0010151831716076656
CPRT,Copart,48.060001373291016,46148702208.0,0.1030373442229337,179,53215649792.0,0.0010086003823544909
PSX,Phillips 66,140.22000122070312,61690630144.0,0.1377381895774117,180,51944800256.0,0.000984513871470294
ALL,Allstate,158.3699951171875,41443368960.0,0.0925316307713918,181,51695972352.0,0.000979797816698891
CHTR,Charter Communications,377.0700073242188,55776194560.0,0.1245328835558843,182,50965012480.0,0.0009659438769411955
AMP,Ameriprise Financial,391.3999938964844,39218278400.0,0.087563616266356,183,50565058560.0,0.0009583635189410039
MNST,Monster Beverage,55.43999862670898,57681993728.0,0.1287880083047436,184,50493235200.0,0.0009570022451683237
O,Realty Income,54.970001220703125,45732237312.0,0.1021074927906549,185,50433060864.0,0.000955861756260742
CMI,Cummins,240.6300048828125,34108098560.0,0.0761539918560752,186,50065080320.0,0.0009488873921624348
GWW,W. W. Grainger,883.239990234375,43838910464.0,0.0978802152978962,187,48743227392.0,0.0009238342099912452
COR,Cencora,217.67999267578125,43721895936.0,0.0976189540787556,188,48236470272.0,0.0009142296025686052
DFS,Discover Financial,106.91999816894533,26736201728.0,0.0596945762037957,189,48106684416.0,0.0009117697610652607
NEM,Newmont,34.209999084472656,39426682880.0,0.0880289260825796,190,47463342080.0,0.0008995764433361596
D,Dominion Energy,45.560001373291016,38124470272.0,0.0851214439146697,191,47443763200.0,0.0008992053632886311
GM,General Motors,35.18000030517578,48178302976.0,0.1075688838537772,192,47391944704.0,0.0008982232432716263
AIG,American International Group,69.52999877929688,48812838912.0,0.1089856278689127,193,47282708480.0,0.0008961528805545686
SRE,Sempra Energy,70.91000366210938,44625649664.0,0.0996367872898606,194,46839762944.0,0.0008877576990859966
MPC,Marathon Petroleum,160.52000427246094,60948963328.0,0.1360822518074938,195,46761676800.0,0.0008862777262771928
KMB,Kimberly-Clark,121.16999816894533,40948310016.0,0.0914263004720984,196,46498918400.0,0.0008812976457230192
NDAQ,"Nasdaq, Inc.",58.619998931884766,33821687808.0,0.0755145155147912,197,46471720960.0,0.0008807821705105528
KR,Kroger,46.29999923706055,33309282304.0,0.0743704551236797,198,46260133888.0,0.000876771944147545
OXY,Occidental Petroleum,58.400001525878906,51250733056.0,0.1144287741780381,199,45658075136.0,0.000865361077422427
KDP,Keurig Dr Pepper,31.979999542236328,44718911488.0,0.0998450152616687,200,45600366592.0,0.0008642673228639274
ROST,Ross Stores,141.75999450683594,47725768704.0,0.1065584994371889,201,45536800768.0,0.0008630625548184056
TEL,TE Connectivity,144.47999572753906,44698644480.0,0.0997997646136601,202,45278048256.0,0.000858158398173538
FANG,Diamondback Energy,156.24000549316406,27964616704.0,0.0624372885808466,203,45274198016.0,0.000858085424272978
HES,Hess Corporation,144.25999450683594,44310757376.0,0.0989337195215501,204,45265616896.0,0.0008579227856329002
MSCI,MSCI,549.2899780273438,43444002816.0,0.096998495264257,205,45136781312.0,0.0008554809547092684
FICO,Fair Isaac,1196.3599853515625,29732057088.0,0.0663834962644108,206,44836028416.0,0.000849780761493824
KVUE,Kenvue,20.84000015258789,39908601856.0,0.0891049184516362,207,44226088960.0,0.0008382205311679853
LULU,Lululemon Athletica,478.0299987792969,60323082240.0,0.134684831684687,208,44105293824.0,0.0008359310914856293
EXC,Exelon,35.0099983215332,34850246656.0,0.0778110041917046,209,44018581504.0,0.0008342876260868475
AME,Ametek,163.52000427246094,37740253184.0,0.0842635929576882,210,43209351168.0,0.0008189502200889384
BKR,Baker Hughes,30.479999542236328,30632398848.0,0.0683937114905135,211,43149082624.0,0.0008178079456497472
GRMN,Garmin,124.73999786376952,23866630144.0,0.0532876130406647,212,43110039552.0,0.0008170679592453454
CTVA,Corteva,45.86000061035156,32318873600.0,0.0721591452130459,213,43066626048.0,0.0008162451397006269
YUM,Yum! Brands,129.08999633789062,36184956928.0,0.0807910446945578,214,42900770816.0,0.0008131016724862918
TRGP,Targa Resources,86.80999755859375,19356545024.0,0.0432178348941492,215,42648641536.0,0.0008083230464767491
FAST,Fastenal,68.4000015258789,39123570688.0,0.0873521600247931,216,42484686848.0,0.0008052156004218394
EW,Edwards Lifesciences,73.23999786376953,44420055040.0,0.0991777511083447,217,42111721472.0,0.0007981467584118497
GLW,Corning Inc.,30.86000061035156,26328979456.0,0.0587853610057996,218,41971634176.0,0.0007954916729086027
CBRE,CBRE Group,86.2699966430664,26294491136.0,0.0587083580841683,219,41939169280.0,0.0007948763631896256
CTSH,Cognizant,77.27999877929688,38749196288.0,0.0865162850797688,220,41542795264.0,0.0007873638553905931
URI,United Rentals,630.75,42381103104.0,0.0946253328943558,221,41350496256.0,0.0007837191972166673
VLO,Valero Energy,137.91000366210938,46951874560.0,0.1048306069181742,222,41038913536.0,0.0007778137454979456
GEHC,GE HealthCare,73.1500015258789,33301026816.0,0.0743520228922607,223,40882442240.0,0.0007748481327582732
VRSK,Verisk,244.1499938964844,35398578176.0,0.0790352774837222,224,40695468032.0,0.0007713043959361856
XEL,Xcel Energy,59.38999938964844,32772352000.0,0.073171637607477,225,40633364480.0,0.0007701273424465148
CCI,Crown Castle,108.5999984741211,48057016320.0,0.1072980841492136,226,40613183488.0,0.0007697448505230478
DHI,DR Horton,140.5,46620286976.0,0.1040902631512213,227,40565616640.0,0.0007688433123238954
PEG,Public Service Enterprise Group,57.66999816894531,28737767424.0,0.0641635212387834,228,40233869312.0,0.0007625556792089433
AXON,Axon Enterprise,251.3600006103516,18835359744.0,0.042054171680886,229,40067321856.0,0.0007593990922188691
PRU,Prudential Financial,106.22000122070312,38345420800.0,0.0856147656013158,230,39913500672.0,0.0007564837072596885
OTIS,Otis Worldwide,88.62999725341797,36272623616.0,0.080986780268391,231,38894546944.0,0.000737171397371915
DAL,Delta Air Lines,39.630001068115234,25500438528.0,0.0569354572660076,232,38596227072.0,0.0007315173174510799
LHX,L3Harris,209.2100067138672,39653662720.0,0.0885357095626509,233,38585536512.0,0.0007313146984293122
PWR,Quanta Services,196.3000030517578,28519444480.0,0.0636760662236607,234,38421815296.0,0.0007282116773875215
IT,Gartner,460.8299865722656,36313403392.0,0.081077830278814,235,37747695616.0,0.0007154350342447951
ODFL,Old Dominion,392.6700134277344,43147759616.0,0.0963370657741161,236,37146488832.0,0.0007040403149359711
F,Ford Motor Company,11.390000343322754,45593600000.0,0.101797953849033,237,36820451328.0,0.0006978609005629132
TTWO,Take-Two Interactive,167.38999938964844,28467683328.0,0.063560497824533,238,36748234752.0,0.0006964921741365587
ETR,Entergy,99.30999755859376,21001381888.0,0.046890302678458,239,36701315072.0,0.0006956029017632453
FIS,Fidelity National Information Services,63.5099983215332,37628657664.0,0.0840144308911982,240,36681170944.0,0.0006952211085260602
KHC,Kraft Heinz,37.209999084472656,45639553024.0,0.1019005542977007,241,36626440192.0,0.0006941837922927809
SYY,Sysco,75.1500015258789,37903556608.0,0.0846282045351846,242,36555268096.0,0.0006928348619777485
A,Agilent Technologies,130.99000549316406,38380597248.0,0.0856933049232837,243,36254650368.0,0.0006871372306120047
IDXX,Idexx Laboratories,524.97998046875,43600478208.0,0.0973478617265088,244,35868176384.0,0.0006798123588955822
HSY,Hershey's,190.2100067138672,38897565696.0,0.0868475531118652,245,34883514368.0,0.0006611499825136472
PCG,PG&E Corporation,16.989999771118164,43214233600.0,0.0964854838756784,246,34834051072.0,0.0006602125007868787
ACGL,Arch Capital Group,79.9000015258789,29816442880.0,0.0665719065009249,247,34666438656.0,0.000657035729526437
ED,Consolidated Edison,90.0199966430664,31076704256.0,0.0693857231197435,248,34643464192.0,0.0006566002927091593
DXCM,Dexcom,121.95999908447266,46548959232.0,0.1039310079401419,249,34313689088.0,0.0006503500393102918
VICI,Vici Properties,30.399999618530277,31449710592.0,0.0702185435545748,250,34151473152.0,0.0006472755479583476
EA,Electronic Arts,139.4199981689453,37499240448.0,0.0837254778850386,251,34000226304.0,0.0006444089545911905
RMD,ResMed,190.1499938964844,27968970752.0,0.0624470099710716,252,33967400960.0,0.0006437868132730119
EXR,Extra Space Storage,147.47000122070312,32221016064.0,0.0719406562818471,253,33846925312.0,0.0006415034288717663
DD,DuPont,64.66999816894531,27810813952.0,0.0620938893877592,254,33828524032.0,0.0006411546679693559
WEC,WEC Energy Group,79.87000274658203,25193795584.0,0.056250808011256,255,33554610176.0,0.000635963157183081
HIG,Hartford (The),86.80999755859375,26109841408.0,0.0582960860878973,256,33524412416.0,0.0006353908166704444
IR,Ingersoll Rand,79.30000305175781,32100403200.0,0.0716713609692797,257,33492166656.0,0.0006347796602532544
WTW,Willis Towers Watson,249.47999572753903,25761304576.0,0.0575178993174158,258,33425932288.0,0.0006335243150840999
BRO,Brown & Brown,76.87999725341797,21879894016.0,0.0488517783474545,259,33311078400.0,0.0006313474803408527
GIS,General Mills,64.51000213623047,36634583040.0,0.081794935990676,260,33062834176.0,0.0006266424881022475
IQV,IQVIA,216.08999633789065,39436423168.0,0.0880506734635344,261,32842649600.0,0.0006224693125719254
LYV,Live Nation Entertainment,89.29000091552734,20565719040.0,0.0459175875058363,262,32577689600.0,0.0006174475049203572
VMC,Vulcan Materials Company,222.3600006103516,29545639936.0,0.0659672780970372,263,32382801920.0,0.000613753783443076
ROK,Rockwell Automation,303.0,34718347264.0,0.0775165091700452,264,32150044672.0,0.000609342317074702
LEN,Lennar,148.3800048828125,41769566208.0,0.0932599394023747,265,31821496320.0,0.0006031153144026618
CCL,Carnival,15.829999923706056,20678252544.0,0.0461688438323089,266,31769415680.0,0.0006021282259498743
AVB,AvalonBay Communities,177.5,25207664640.0,0.0562817737942303,267,31725488128.0,0.0006012956636131131
NUE,Nucor,175.10000610351562,43046412288.0,0.0961107850983531,268,31655139328.0,0.0005999623372917112
HUM,Humana,361.2300109863281,44150976512.0,0.0985769728505386,269,31541428224.0,0.0005978071618232047
LVS,Las Vegas Sands,50.02999877929688,37691052032.0,0.0841537403336222,270,31314997248.0,0.0005935155977839955
STZ,Constellation Brands,249.5,45613588480.0,0.1018425826207148,271,31314169856.0,0.000593499916158556
XYL,Xylem Inc.,112.38999938964844,27094755328.0,0.0604951276589386,272,31286456320.0,0.0005929746593381423
HPQ,HP Inc.,30.0,29727059968.0,0.0663723390714903,273,31241095168.0,0.0005921149258681937
MTB,M&T Bank,141.52000427246094,23513405440.0,0.0524989595428902,274,31131242496.0,0.0005900328795638654
RJF,Raymond James,113.22000122070312,23629015040.0,0.052757083944677,275,31090993152.0,0.0005892700305916817
WAB,Wabtec,129.97999572753906,23287087104.0,0.0519936530190948,276,30955950080.0,0.0005867105486613492
CAH,Cardinal Health,105.6999969482422,26051665920.0,0.058166196242775,277,30792673280.0,0.0005836159506708465
MCHP,Microchip Technology,86.91999816894531,48504745984.0,0.1082977411991661,278,30720221184.0,0.0005822427604154685
CSGP,CoStar Group,85.08999633789062,34747604992.0,0.0775818336200705,279,30496970752.0,0.0005780114774760303
EBAY,eBay,42.68999862670898,22156109824.0,0.0494684921861326,280,30406920192.0,0.0005763047421528267
UAL,United Airlines Holdings,42.54999923706055,13957038080.0,0.0311622227316341,281,30312501248.0,0.0005745152125052113
EFX,Equifax,246.1199951171875,30326167552.0,0.0677099813323918,282,30090702848.0,0.0005703114500421013
VTR,Ventas,47.400001525878906,19072860160.0,0.042584444710151,283,30014033920.0,0.0005688583378392483
IP,International Paper,37.56999969482422,12999858176.0,0.0290251035813013,284,29594589184.0,0.0005609085688754241
MLM,Martin Marietta Materials,501.6000061035156,31002490880.0,0.0692200250870145,285,29410246656.0,0.0005574147104906873
MPWR,Monolithic Power Systems,601.1400146484375,28801820672.0,0.0643065345034474,286,29142380544.0,0.0005523378230705581
TSCO,Tractor Supply,227.6199951171875,24608907264.0,0.0549449134513573,287,29086306304.0,0.0005512750436038918
ANSS,Ansys,332.239990234375,28877369344.0,0.0644752138844485,288,28957523968.0,0.0005488342218937785
CNC,Centene Corporation,73.7699966430664,39408005120.0,0.0879872237877293,289,28864798720.0,0.0005470767929992284
EQR,Equity Residential,59.15999984741211,22464530432.0,0.0501571104750871,290,28836067328.0,0.0005465322446742519
FITB,Fifth Third Bank,34.86000061035156,23744018432.0,0.0530138548509292,291,28608260096.0,0.0005422145963471829
K,Kellanova,54.7400016784668,18749544448.0,0.0418625697555774,292,28480319488.0,0.0005397897279738409
STT,State Street Corporation,75.11000061035156,22679013376.0,0.0506359918276172,293,28131495936.0,0.0005331784478467242
EQT,EQT,35.880001068115234,14758592512.0,0.0329518730570356,294,27858675712.0,0.0005280076647534807
BR,Broadridge Financial Solutions,207.8800048828125,24456458240.0,0.0546045367601225,295,27782649856.0,0.0005265667407446574
KEYS,Keysight,155.92999267578125,27294765056.0,0.0609416943055799,296,27386152960.0,0.0005190519039913516
DTE,DTE Energy,103.58999633789062,21366370304.0,0.047705221305796,297,27322783744.0,0.0005178508622726669
FTV,Fortive,73.97000122070312,25995573248.0,0.0580409567522429,298,27087081472.0,0.0005133835786335454
DOW,Dow Inc.,54.060001373291016,37965959168.0,0.0847675322680888,299,27048263680.0,0.0005126478619786444
WBD,Warner Bros. Discovery,10.619999885559082,25897613312.0,0.0578222391900415,300,26984869888.0,0.000511446354469105
DOV,Dover Corporation,149.94000244140625,20975106048.0,0.0468316359632246,301,26966081536.0,0.0005110902573607341
IRM,Iron Mountain,67.55999755859375,19726843904.0,0.0440446103252752,302,26941923328.0,0.0005106323849506248
CHD,Church & Dwight,99.12000274658205,24421384192.0,0.0545262260691571,303,26901739520.0,0.0005098707780873867
AEE,Ameren,69.51000213623047,18277306368.0,0.0408081921614942,304,26847549440.0,0.0005088437092529095
EL,Est√©e Lauder Companies (The),130.8000030517578,46806388736.0,0.1045057771351073,305,26248404992.0,0.0004974880775599705
MTD,Mettler Toledo,1217.469970703125,26399375360.0,0.0589425356747565,306,26214649856.0,0.0004968483138211249
AWK,American Water Works,123.16000366210938,23979868160.0,0.0535404423484343,307,26126798848.0,0.0004951832667794116
HPE,Hewlett Packard Enterprise,15.84000015258789,20592001024.0,0.0459762679389298,308,26058055680.0,0.0004938803721271794
TYL,Tyler Technologies,430.6199951171875,18139523072.0,0.0405005600024329,309,26040983552.0,0.000493556802746824
PPG,PPG Industries,143.0399932861328,33728829440.0,0.0753071883491329,310,25800130560.0,0.0004889918971077512
GPN,Global Payments,133.89999389648438,34866085888.0,0.0778463688351664,311,25566351360.0,0.00048456106160300514
PPL,PPL Corporation,25.88999938964844,19084138496.0,0.0426096261287628,312,25434228736.0,0.0004820569311525655
EXPE,Expedia Group,151.92999267578125,21095176192.0,0.0470997195314789,313,24940273664.0,0.0004726949619492873
ROL,"Rollins, Inc.",43.22999954223633,20924962816.0,0.0467196799339359,314,24889165824.0,0.0004717263110511626
FOXA,Fox Corporation (Class A),32.220001220703125,14973987840.0,0.0334327915117977,315,24752537600.0,0.0004691367856107059
FOX,Fox Corporation (Class B),29.739999771118164,14969361408.0,0.0334224619631062,316,24749424640.0,0.00046907778543578513
LYB,LyondellBasell,95.43000030517578,30953865216.0,0.0691114573691824,317,24620759040.0,0.00046663917623223126
VLTO,Veralto,76.98999786376953,18963253248.0,0.0423397226577289,318,24547158016.0,0.00046524421025439887
NTAP,NetApp,88.05999755859375,18386223104.0,0.0410513732409596,319,24034836480.0,0.00045553414001908775
ATO,Atmos Energy,113.6999969482422,17149825024.0,0.0382908367909562,320,23752056832.0,0.00045017459518200217
CDW,CDW,229.69000244140625,30769272832.0,0.0686993134062728,321,23716067328.0,0.00044949248329128905
HBAN,Huntington Bancshares,13.050000190734863,18900576256.0,0.0421997821937381,322,23565449216.0,0.0004466378064068296
WRB,Berkley,81.47000122070312,20900720640.0,0.0466655538304115,323,23557517312.0,0.0004464874724084951
SBAC,SBA Communications,227.91000366210935,24588525568.0,0.054899406736626,324,23469809664.0,0.0004448251424801004
TDY,Teledyne Technologies,418.9599914550781,19768502272.0,0.0441376219896994,325,23457677312.0,0.00044459519706152736
DVN,Devon Energy,42.619998931884766,27306635264.0,0.060968197211386,326,23270117376.0,0.0004410403588907375
TROW,T. Rowe Price,110.08999633789062,24601810944.0,0.0549290693228862,327,23093825536.0,0.0004376990858267994
SYF,Synchrony Financial,39.540000915527344,16088826880.0,0.0359219200987709,328,23037325312.0,0.0004366282326519861
ES,Eversource,55.119998931884766,19254849536.0,0.0429907768729778,329,22891051008.0,0.00043385588430108394
DRI,Darden Restaurants,160.99000549316406,19223977984.0,0.0429218491983537,330,22834292736.0,0.000432780140322297
HAL,Halliburton,37.52999877929688,33591302144.0,0.0750001277675778,331,22657202176.0,0.00042942372905558306
CINF,Cincinnati Financial,112.20999908447266,17606645760.0,0.0393107917013079,332,22625544192.0,0.00042882371280299994
ADM,Archer-Daniels-Midland,52.04999923706055,27762481152.0,0.0619859755545941,333,22349549568.0,0.00042359276505769903
VRSN,Verisign,203.1100006103516,20737531904.0,0.0463011983196379,334,22233837568.0,0.0004213996664504441
FE,FirstEnergy,36.380001068115234,20875388928.0,0.0466089950930209,335,22211258368.0,0.00042097172110274524
WAT,Waters Corporation,316.1199951171875,18691227648.0,0.0417323643996717,336,22163830784.0,0.0004200728223851026
CNP,CenterPoint Energy,27.56999969482422,17402845184.0,0.0388557611349553,337,21989339136.0,0.00041676566850126664
MKC,McCormick & Company,69.08000183105469,18407471104.0,0.0410988141739718,338,21887193088.0,0.000414829686445772
WY,Weyerhaeuser,33.11000061035156,24162123776.0,0.0539473689518676,339,21810874368.0,0.00041338321176259755
CBOE,Cboe Global Markets,186.42999267578125,19678803968.0,0.0439373503767772,340,21778016256.0,0.00041276044938994623
TSN,Tyson Foods,54.9900016784668,19534647296.0,0.0436154882241223,341,21724272640.0,0.00041174184242266155
STE,Steris,216.08999633789065,21349734400.0,0.047668077913135,342,21622054912.0,0.00040980450181050753
CMS,CMS Energy,56.38999938964844,16452572160.0,0.036734063145739,343,21614829568.0,0.00040966755929924386
NTRS,Northern Trust,81.5999984741211,16738281472.0,0.037371973364656,344,21354565632.0,0.000404734756516816
STX,Seagate Technology,90.44000244140624,18992400384.0,0.0424048001862715,345,21312544768.0,0.00040393833178719376
RF,Regions Financial Corporation,19.149999618530277,17694599168.0,0.039507167441948,346,21187880960.0,0.00040157556886113684
ESS,Essex Property Trust,236.41000366210935,15707884544.0,0.0350713807612483,347,20966600704.0,0.00039738162682187883
NRG,NRG Energy,54.25,12247697408.0,0.0273457357062505,348,20875266048.0,0.0003956505539265204
PHM,PulteGroup,105.12000274658205,22663348224.0,0.0506010158568596,349,20836976640.0,0.00039492485177499407
LH,LabCorp,224.9199981689453,19095707648.0,0.0426354568594217,350,20740022272.0,0.00039308726803754173
IFF,International Flavors & Fragrances,82.26000213623047,20999251968.0,0.0468855471536066,351,20720470016.0,0.0003927166925967725
ZBH,Zimmer Biomet,121.69000244140624,25430896640.0,0.0567801893796113,352,20712507392.0,0.0003925657763598697
NVR,"NVR, Inc.",7035.81005859375,22367051776.0,0.0499394674785974,353,20710948864.0,0.00039253623745650473
BIIB,Biogen,244.82000732421875,35473928192.0,0.0792035133205785,354,20474937344.0,0.0003880630926157957
INVH,Invitation Homes,33.25,20432025600.0,0.0456190868690136,355,20412033024.0,0.0003868708621074446
STLD,Steel Dynamics,116.0,18770655232.0,0.0419097043230463,356,20297304064.0,0.00038469639513437516
CTRA,Coterra,25.290000915527344,19022936064.0,0.0424729779512075,357,20173586432.0,0.0003823515651562218
MAA,Mid-America Apartment Communities,130.83999633789062,15815808000.0,0.0353123441199898,358,20024160256.0,0.00037951947912821235
ON,ON Semiconductor,71.70999908447266,30885351424.0,0.0689584849380509,359,19966926848.0,0.000378434729859569
EIX,Edison International,67.5,25890906112.0,0.0578072638593799,360,19876282368.0,0.00037671673792404503
HUBB,Hubbell Incorporated,328.9800109863281,17640566784.0,0.0393865280071856,361,19817871360.0,0.00037560966951028364
CFG,Citizens Financial Group,33.59000015258789,15666979840.0,0.0349800518210023,362,19745476608.0,0.0003742375661002331
PFG,Principal Financial Group,80.51000213623047,19194550272.0,0.0428561452208643,363,19744229376.0,0.0003742139272143602
PTC,PTC,180.6499938964844,21576292352.0,0.0481739194334762,364,19582730240.0,0.0003711530214290097
DGX,Quest Diagnostics,130.44000244140625,14666021888.0,0.0327451883444942,365,19038275584.0,0.0003608339296512591
CLX,Clorox,144.67999267578125,17948854272.0,0.0400748490758368,366,19018072064.0,0.00036045101075284194
BBY,Best Buy,74.81999969482422,16115929088.0,0.0359824318661942,367,18946603008.0,0.00035909645213164944
PKG,Packaging Corporation of America,171.9600067138672,15411795968.0,0.0344102965039211,368,18926381056.0,0.0003587131838900913
NI,NiSource,25.81999969482422,10674375680.0,0.0238329415277556,369,18839894016.0,0.00035707398824081027
KEY,KeyCorp,14.670000076293944,13739393024.0,0.0306762812537478,370,18764937216.0,0.00035565332613416367
PODD,Insulet,195.4600067138672,13648502784.0,0.0304733483759569,371,18756687872.0,0.00035549697567062346
LUV,Southwest Airlines,30.09000015258789,17937100800.0,0.0400486068093735,372,18159132672.0,0.0003441714651196179
L,Loews Corporation,72.77999877929688,16248208384.0,0.0362777751088728,373,18098343936.0,0.00034301933144067023
COO,CooperCompanies,372.6400146484375,18455369728.0,0.0412057586116864,374,17970135040.0,0.0003405893781838317
BAX,Baxter International,38.790000915527344,19679098880.0,0.0439380088340643,375,17958035456.0,0.0003403600538197315
SNA,Snap-on,289.6600036621094,15288255488.0,0.0341344646309931,376,17652318208.0,0.00033456577085165024
TER,Teradyne,105.45999908447266,16122619904.0,0.0359973706158955,377,17596645376.0,0.00033351059930227645
ARE,Alexandria Real Estate Equities,124.3499984741211,21608921088.0,0.0482467704161027,378,17471907840.0,0.00033114643900365563
TPR,"Tapestry, Inc.",38.970001220703125,8931379200.0,0.0199413103507907,379,17453434880.0,0.0003307963195445859
TRMB,Trimble Inc.,50.97999954223633,12682192896.0,0.028315844485444,380,17372577792.0,0.0003292638288169216
FDS,FactSet,470.6700134277344,17926125568.0,0.0400241021385289,381,17292621824.0,0.0003277484170872607
GPC,Genuine Parts Company,142.6300048828125,19996297216.0,0.0446462253725504,382,17027164160.0,0.00032271717717088596
LDOS,Leidos,111.5500030517578,15338795008.0,0.0342473054622614,383,17008424960.0,0.0003223620116442243
ULTA,Ulta Beauty,493.5899963378906,23969470464.0,0.0535172271564437,384,16962132992.0,0.00032148463634565637
JBL,Jabil,123.22000122070312,15716217856.0,0.0350899867522292,385,16881533952.0,0.00031995703642196576
GEN,Gen Digital,23.770000457763672,15229796352.0,0.034003941477994,386,16812691456.0,0.00031865225919836275
FFIV,"F5, Inc.",183.6300048828125,10964033536.0,0.0244796677581278,387,16775090176.0,0.0003179395991907663
WDC,Western Digital,58.22999954223633,18880669696.0,0.0421553363268582,388,16765117440.0,0.0003177505851435445
RL,Ralph Lauren Corporation,144.10000610351562,9313630208.0,0.0207947715925249,389,16721422336.0,0.00031692242841195004
UDR,"UDR, Inc.",36.68999862670898,13035223040.0,0.0291040635843138,390,16708774912.0,0.00031668272079338184
NWS,News Corp (Class B),25.75,14271088640.0,0.0318634111531043,391,16681467904.0,0.00031616516893002197
NWSA,News Corp (Class A),24.739999771118164,14276637696.0,0.0318758006671281,392,16612079616.0,0.0003148500472678555
DPZ,Domino's,419.1199951171875,14619324416.0,0.0326409257484386,393,16540612608.0,0.00031349552746256755
LNT,Alliant Energy,48.84999847412109,12465494016.0,0.0278320155580205,394,16389783552.0,0.00031063685253993913
DG,Dollar General,133.4499969482422,29291872256.0,0.0654006847467201,395,16270126080.0,0.00030836897509256247
MOH,Molina Healthcare,353.6099853515625,20615462912.0,0.0460286518742154,396,16260390912.0,0.0003081844636902689
EXPD,Expeditors International,129.92999267578125,18890391552.0,0.0421770425542326,397,16156646400.0,0.00030621818582127045
WST,West Pharmaceutical Services,361.3599853515625,26736916480.0,0.0596961720481929,398,16091933696.0,0.0003049916808691989
OMC,Omnicom Group,90.88999938964844,18008035328.0,0.0402069840774034,399,16065104896.0,0.0003044831925195522
ZBRA,Zebra Technologies,252.1699981689453,12951350272.0,0.0289167987891221,400,15978931200.0,0.0003028499357036678
JBHT,J.B. Hunt,206.4199981689453,21306673152.0,0.047571934003977,401,15891270656.0,0.00030118849854107786
MAS,Masco,67.25,15097692160.0,0.0337089891943296,402,15837250560.0,0.0003001646514266785
BLDR,Builders FirstSource,169.52000427246094,20909783040.0,0.04668578767413,403,15810361344.0,0.00029965501800784745
EVRG,Evergy,49.7599983215332,11430916096.0,0.025522087950782,404,15767153664.0,0.00029883609946153663
DLTR,Dollar Tree,132.72999572753906,28918149120.0,0.0645662638948715,405,15732254720.0,0.00029817465703999805
HRL,Hormel Foods,30.989999771118164,16946571264.0,0.0378370271141568,406,15580988416.0,0.00029530769492174756
J,Jacobs Solutions,137.19000244140625,17329293312.0,0.0386915400585023,407,15506717696.0,0.0002939000361431263
PNR,Pentair,72.44000244140625,11974260736.0,0.0267352269129793,408,15324684288.0,0.00029044994269077323
FSLR,First Solar,147.8300018310547,15794748416.0,0.0352653238680221,409,15115012096.0,0.0002864760091985227
APTV,Aptiv,86.04000091552734,24337448960.0,0.0543388218090538,410,14987412480.0,0.00028405760367328876
EG,Everest Re,379.75,16477504512.0,0.03678973022222,411,14931195904.0,0.0002829921265012561
AVY,Avery Dennison,201.0,16186790912.0,0.0361406468062123,412,14903453696.0,0.00028246632625817867
BALL,Ball Corporation,57.2400016784668,18047830016.0,0.0402958346575826,413,14723766272.0,0.00027906069642449135
KIM,Kimco Realty,20.540000915527344,13809494016.0,0.0308327974654176,414,14683606016.0,0.0002782995359441556
IEX,IDEX Corporation,209.1499938964844,15817073664.0,0.0353151699991803,415,14682392576.0,0.0002782765375207079
AMCR,Amcor,9.539999961853027,13788544000.0,0.0307860218486226,416,14540121088.0,0.00027558005485525493
HOLX,Hologic,74.41000366210938,17465589760.0,0.0389958524954077,417,14183691264.0,0.00026882461245862773
INCY,Incyte,60.63999938964844,13589968896.0,0.0303426583223259,418,14162085888.0,0.0002684151240735439
ILMN,Illumina,140.6300048828125,22332045312.0,0.0498613076840936,419,14092848128.0,0.0002671028553803621
REG,Regency Centers,63.59999847412109,11808038912.0,0.0263640993519126,420,13786827776.0,0.00026130282765840697
ALGN,Align Technology,264.2799987792969,20240967680.0,0.0451925071446082,421,13709826048.0,0.000259843407871064
CF,CF Industries,77.48999786376953,14804929536.0,0.0330553308719626,422,13491753984.0,0.0002557102709462886
TXT,Textron,84.83000183105469,16627103744.0,0.037123744112656,423,13373471744.0,0.0002534684583788194
RVTY,Revvity (Previously PerkinElmer),110.0,13574769664.0,0.0303087226226296,424,13274653696.0,0.00025159555216822365
SWK,Stanley Black & Decker,94.69000244140624,14517019648.0,0.0324125073728025,425,13219382272.0,0.00025054798853614226
CPT,Camden Property Trust,95.75,10223323136.0,0.022825865401773,426,13155665920.0,0.00024934036752163587
POOL,Pool Corporation,377.3900146484375,14597143552.0,0.0325914019869939,427,13035531264.0,0.0002470634459684983
KMX,CarMax,70.11000061035156,11071841280.0,0.0247203727638365,428,12605448192.0,0.0002389120477884726
JKHY,Jack Henry & Associates,169.57000732421875,12349478912.0,0.027572985777464,429,12528926720.0,0.00023746173033074738
TAP,Molson Coors Beverage Company,62.7400016784668,13534147584.0,0.0302180247039504,430,12463758336.0,0.00023622658883991275
BXP,Boston Properties,71.19999694824219,11174127616.0,0.0249487499858921,431,12357718016.0,0.00023421679834191022
UHS,Universal Health Services,157.57000732421875,10753459200.0,0.0240095132509619,432,12273559552.0,0.0002326217363761062
CAG,Conagra Brands,29.6200008392334,14158508032.0,0.0316120496563706,433,12205072384.0,0.00023132369371194314
PAYC,Paycom,193.80999755859372,11182992384.0,0.0249685425717758,434,12112635904.0,0.00022957173785993513
MRNA,Moderna,101.80999755859376,38818521088.0,0.0866710682684398,435,11995019264.0,0.0002273425404614457
JNPR,Juniper Networks,37.20000076293945,11914118144.0,0.0266009450662996,436,11988176896.0,0.0002272128565243335
NDSN,Nordson Corporation,252.1999969482422,14404529152.0,0.0321613470713509,437,11923001344.0,0.00022597757917783293
CPB,Campbell Soup Company,44.5,13265449984.0,0.0296180969534734,438,11879643136.0,0.00022515580766253746
EPAM,EPAM Systems,288.3599853515625,16638515200.0,0.0371492227515711,439,11846381568.0,0.00022452539855668917
CHRW,CH Robinson,87.38999938964844,10194130944.0,0.0227606872755893,440,11780382720.0,0.00022327451721655824
DVA,DaVita Inc.,107.16999816894533,9789764608.0,0.0218578485962521,441,11739200512.0,0.00022249398759985052
AKAM,Akamai,123.05999755859376,18561386496.0,0.0414424648611619,442,11705263104.0,0.00022185076924549968
SJM,J.M. Smucker Company (The),131.69000244140625,13978103808.0,0.0312092567014619,443,11614241792.0,0.00022012563518353793
VTRS,Viatris,11.93000030517578,14312064000.0,0.031954897848742,444,11374912512.0,0.0002155896085774527
HST,Host Hotels & Resorts,19.700000762939453,14094325760.0,0.0314687483166435,445,11336080384.0,0.00021485362021121977
EMN,Eastman Chemical Company,84.91999816894531,10064123904.0,0.0224704173548555,446,11159779328.0,0.0002115121724757111
ALLE,Allegion,124.87000274658205,10962037760.0,0.0244752117398897,447,10992533504.0,0.00020834234926218434
LKQ,LKQ Corporation,47.650001525878906,12751044608.0,0.0284695713988837,448,10850820096.0,0.00020565644393072215
PNW,Pinnacle West,71.37000274658203,8093215744.0,0.0180699221556968,449,10821335040.0,0.00020509761135286994
AIZ,Assurant,170.67999267578125,8976162816.0,0.0200412998334102,450,10719122432.0,0.0002031603677804773
NCLH,Norwegian Cruise Line Holdings,17.219999313354492,7325817856.0,0.0163565339874787,451,10429873152.0,0.0001976782035009082
GL,Globe Life,123.76000213623048,11648131072.0,0.026007069178458,452,10424302592.0,0.00019757262424052353
BEN,Franklin Templeton,27.59000015258789,13671589888.0,0.0305248955217734,453,10423897088.0,0.00019756493869142202
SWKS,Skyworks Solutions,104.58999633789062,16758036480.0,0.0374160808576522,454,10306712576.0,0.00019534393144879332
IPG,Interpublic Group of Companies (The),32.97999954223633,12631472128.0,0.0282025989773014,455,10065249280.0,0.00019076745867016367
MGM,MGM Resorts,43.650001525878906,14910098432.0,0.0332901440567377,456,9900052480.0,0.0001876364707691424
BG,Bunge Global SA,88.30000305175781,12828931072.0,0.0286434704256711,457,9813155840.0,0.00018598951193895074
WBA,Walgreens Boots Alliance,22.850000381469727,19705292800.0,0.0439964926444957,458,9704437760.0,0.00018392896964574491
TECH,Bio-Techne,72.62999725341797,11486434304.0,0.0256460448213903,459,9679728640.0,0.00018346065575731074
VFC,VF Corporation,17.350000381469727,6747120128.0,0.0150644613148342,460,9579599872.0,0.00018156290736780095
AAL,American Airlines Group,15.130000114440918,9899151360.0,0.0221020790920189,461,9554579456.0,0.0001810886934618747
AOS,A. O. Smith,80.91999816894531,12034421760.0,0.0268695499132395,462,9492657152.0,0.00017991507517975687
WYNN,Wynn Resorts,96.7300033569336,10925266944.0,0.0243931126332134,463,9383504896.0,0.00017784630391478576
ALB,Albemarle Corporation,119.83999633789062,14063583232.0,0.0314001087170824,464,9284740096.0,0.0001759744069177084
HAS,Hasbro,51.11000061035156,7092228096.0,0.015834992376198,465,9208460288.0,0.00017452866973672048
FRT,Federal Realty,103.5999984741211,8522156544.0,0.0190276288461614,466,8974918656.0,0.00017010233687690256
HSIC,Henry Schein,74.19999694824219,9641399296.0,0.0215265897093957,467,8955645952.0,0.00016973705980710482
CRL,Charles River Laboratories,220.27999877929688,11299658752.0,0.0252290264455081,468,8432227328.0,0.00015981666559297225
CMA,Comerica,54.91999816894531,7243837952.0,0.0161734954363676,469,8347356160.0,0.0001582080956923837
GNRC,Generac,114.69000244140624,7045590528.0,0.0157308635292788,470,8121811456.0,0.00015393332923586985
ENPH,Enphase,105.37000274658205,14388379648.0,0.0321252896759516,471,8105900544.0,0.00015363176847339616
MTCH,Match Group,37.959999084472656,10317983744.0,0.0230372164730748,472,8004781056.0,0.00015171524289005878
MOS,Mosaic Company (The),32.22999954223633,10533892096.0,0.0235192803691593,473,7969713152.0,0.00015105059815639457
PARA,Paramount Global,13.800000190734863,9219379200.0,0.020584335045233,474,7954300928.0,0.0001507584890666796
ZION,Zions Bancorporation,44.02000045776367,6521694720.0,0.0145611484533803,475,7932926976.0,0.00015035338687881028
BBWI,"Bath & Body Works, Inc.",42.43999862670898,9588935680.0,0.0214094529015911,476,7766630400.0,0.00014720155483704392
IVZ,Invesco,16.209999084472656,7287269888.0,0.0162704669897545,477,7703229952.0,0.00014599992117581484
BIO,Bio-Rad,329.04998779296875,9530472448.0,0.0212789206033519,478,7615479296.0,0.0001443367761134245
APA,APA Corporation,32.11000061035156,9731096576.0,0.0217268590360079,479,7554317824.0,0.0001431775779398482
AES,AES Corporation,17.149999618530273,11484136448.0,0.0256409143416949,480,7380460544.0,0.0001398824472824476
LW,Lamb Weston,104.19000244140624,15042118656.0,0.03358490886298,481,7343158272.0,0.00013917545439691588
MHK,Mohawk Industries,100.97000122070312,6429991936.0,0.0143564013885848,482,7288905216.0,0.00013814719197337362
MKTX,MarketAxess,276.5,10480842752.0,0.0234008357920205,483,7212594176.0,0.00013670086284984123
CZR,Caesars Entertainment,44.4900016784668,9596983296.0,0.0214274210120751,484,7049432064.0,0.00013360843854999353
HII,Huntington Ingalls Industries,255.6499938964844,10155312128.0,0.0226740155488636,485,6819611136.0,0.00012925262448477262
QRVO,Qorvo,103.68000030517578,10092812288.0,0.022534470616507,486,6627437056.0,0.0001256103340810245
BWA,BorgWarner,34.13999938964844,8024777728.0,0.0179171189115071,487,6475233280.0,0.00012272560398246475
TFX,Teleflex,244.4499969482422,11487365120.0,0.0256481230772027,488,6460783104.0,0.00012245172866391361
RHI,Robert Half,81.8499984741211,8667505664.0,0.01935215340684,489,5973531648.0,0.00011321681362021415
WHR,Whirlpool Corporation,115.95999908447266,6360753664.0,0.0142018113931108,490,5687259648.0,0.00010779107796188925
CE,Celanese,146.13999938964844,15908069376.0,0.0355183383669037,491,5525639168.0,0.00010472787233419395
ETSY,Etsy,69.52999877929688,8325939200.0,0.0185895295486966,492,5481015296.0,0.0001038821125898846
FMC,FMC Corporation,58.34999847412109,7279687680.0,0.0162535380071767,493,4706317312.0,8.919920096659899e-05
XRAY,Dentsply Sirona,34.91999816894531,7398150656.0,0.0165180332118473,494,3409076992.0,6.461250348434151e-05
